{"cameraMode":{"drawMode":0,"name":"Shaded","section":"Shading Mode"},"sceneLighting":true,"audioPlay":false,"sceneViewState":{"showFog":true,"showMaterialUpdate":false,"showSkybox":true,"showFlares":true,"showImageEffects":true,"showParticleSystems":true},"in2DMode":false,"pivot":{"x":358.8699645996094,"y":-16.377470016479493,"z":34.945472717285159},"rotation":{"x":0.037176478654146197,"y":0.01708468422293663,"z":0.0006357197999022901,"w":-0.9991639256477356},"size":485.8281555175781,"orthographic":false}