{"cameraMode":{"drawMode":0,"name":"Shaded","section":"Shading Mode"},"sceneLighting":false,"audioPlay":false,"sceneViewState":{"showFog":true,"showMaterialUpdate":false,"showSkybox":false,"showFlares":true,"showImageEffects":true,"showParticleSystems":true},"in2DMode":false,"pivot":{"x":0.15339042246341706,"y":0.6193883419036865,"z":-12.268281936645508},"rotation":{"x":-0.007791206706315279,"y":0.041994184255599979,"z":-0.0003176916507072747,"w":-0.9991025328636169},"size":0.8660253882408142,"orthographic":true}