{"cameraMode":{"drawMode":0,"name":"Shaded","section":"Shading Mode"},"sceneLighting":false,"audioPlay":false,"sceneViewState":{"showFog":true,"showMaterialUpdate":false,"showSkybox":false,"showFlares":true,"showImageEffects":true,"showParticleSystems":true},"in2DMode":false,"pivot":{"x":0.5518479943275452,"y":0.5967593193054199,"z":-14.418128967285157},"rotation":{"x":-0.0036751525476574899,"y":-0.9737938642501831,"z":0.22687610983848573,"w":-0.015781257301568986},"size":3.712822675704956,"orthographic":false}