{"cameraMode":{"drawMode":0,"name":"Shaded","section":"Shading Mode"},"sceneLighting":false,"audioPlay":false,"sceneViewState":{"showFog":true,"showMaterialUpdate":false,"showSkybox":false,"showFlares":true,"showImageEffects":true,"showParticleSystems":true},"in2DMode":false,"pivot":{"x":-23.352041244506837,"y":27.32611083984375,"z":17.49127960205078},"rotation":{"x":0.13843056559562684,"y":-0.017824875190854074,"z":0.002492128871381283,"w":0.9902126789093018},"size":7.456576824188232,"orthographic":true}