{"cameraMode":{"drawMode":0,"name":"Shaded","section":"Shading Mode"},"sceneLighting":false,"audioPlay":false,"sceneViewState":{"showFog":true,"showMaterialUpdate":false,"showSkybox":false,"showFlares":true,"showImageEffects":true,"showParticleSystems":true},"in2DMode":false,"pivot":{"x":14.629999160766602,"y":27.0,"z":-14.639999389648438},"rotation":{"x":0.2782667279243469,"y":-0.008644584566354752,"z":0.0025045808870345356,"w":0.9604637026786804},"size":3.533210515975952,"orthographic":true}