{"cameraMode":{"drawMode":0,"name":"Shaded","section":"Shading Mode"},"sceneLighting":false,"audioPlay":false,"sceneViewState":{"showFog":true,"showMaterialUpdate":false,"showSkybox":false,"showFlares":true,"showImageEffects":true,"showParticleSystems":true},"in2DMode":false,"pivot":{"x":0.01589524745941162,"y":0.5166249871253967,"z":-0.6611111164093018},"rotation":{"x":0.190235435962677,"y":0.0029378533363342287,"z":-0.0006185991805978119,"w":0.981755256652832},"size":2.1800360679626467,"orthographic":false}