{"cameraMode":{"drawMode":0,"name":"Shaded","section":"Shading Mode"},"sceneLighting":false,"audioPlay":false,"sceneViewState":{"showFog":true,"showMaterialUpdate":false,"showSkybox":false,"showFlares":true,"showImageEffects":true,"showParticleSystems":true},"in2DMode":false,"pivot":{"x":9.25999927520752,"y":2.2599997520446779,"z":-13.879999160766602},"rotation":{"x":0.2782667279243469,"y":-0.008644584566354752,"z":0.0025045808870345356,"w":0.9604637026786804},"size":3.533210277557373,"orthographic":true}